{
  "version": "2020.2",
  "applications": [],
  "platforms": [
    {
      "name": "main_design_wrapper"
    }
  ],
  "systems": [
    {
      "name": "S4e_Depart_Code_Vitis_system",
      "platform": "C:/Users/audre/workspace/S4e_Depart/S4e_Depart.Vitis/main_design_wrapper/export/main_design_wrapper/main_design_wrapper.xpfm",
      "sysConfig": "main_design_wrapper",
      "buildConfig": "Debug",
      "applications": [
        {
          "name": "S4e_Depart_Code_Vitis",
          "platform": "C:/Users/audre/workspace/S4e_Depart/S4e_Depart.Vitis/main_design_wrapper/export/main_design_wrapper/main_design_wrapper.xpfm",
          "platformPath": "C:\\Users\\Utilisateur\\Documents\\Pr_S4\\app4\\VITIS\\main_design_wrapper\\export\\main_design_wrapper",
          "sysConfig": "main_design_wrapper",
          "domain": "standalone_microblaze_0",
          "system": "S4e_Depart_Code_Vitis_system"
        }
      ],
      "platformPath": "C:\\Users\\Utilisateur\\Documents\\Pr_S4\\app4\\VITIS\\main_design_wrapper\\export\\main_design_wrapper"
    }
  ],
  "others": []
}